epoch,train_loss,val_wer
1,0.5,0.295978835978836
2,0.25,0.295978835978836
3,0.16666666666666669,0.295978835978836
